Mutation,Genomic_Position,Region,cDNA_Position,Protein_Position,Mutation_Type,Domain
T>C,7578190,exon_6,849.0,220,Silent,DNA_binding
T>C,7578190,exon_6,849.0,220,Silent,DNA_binding
T>C,7578190,exon_6,849.0,220,Silent,DNA_binding
T>C,7578190,exon_6,849.0,220,Silent,DNA_binding
T>C,7578190,exon_6,849.0,220,Silent,DNA_binding
T>C,7578190,exon_6,849.0,220,Silent,DNA_binding
T>C,7578190,exon_6,849.0,220,Silent,DNA_binding
C>T,7578406,exon_7,714.0,175,Silent,DNA_binding
C>T,7577120,exon_4,1008.0,273,Silent,DNA_binding
C>T,7577124,exon_4,1004.0,272,Silent,DNA_binding
C>A,7577120,exon_4,1008.0,273,Silent,DNA_binding
G>A,7577121,exon_4,1007.0,273,Missense,DNA_binding
T>C,7577580,exon_5,891.0,234,Silent,DNA_binding
T>C,7578442,exon_7,678.0,163,Silent,DNA_binding
G>A,7577121,exon_4,1007.0,273,Missense,DNA_binding
G>A,7577121,exon_4,1007.0,273,Missense,DNA_binding
C>A,7578526,exon_7,594.0,135,Nonsense,DNA_binding
T>G,7577098,exon_4,1030.0,280,Missense,DNA_binding
T>C,7578536,exon_7,584.0,132,Missense,DNA_binding
C>T,7578406,exon_7,714.0,175,Silent,DNA_binding
C>T,7578406,exon_7,714.0,175,Silent,DNA_binding
C>A,7578403,exon_7,717.0,176,Nonsense,DNA_binding
C>T,7577570,exon_5,901.0,237,Missense,DNA_binding
T>C,7578394,exon_7,726.0,179,Silent,DNA_binding
G>A,7577532,exon_5,939.0,250,Silent,DNA_binding
C>T,7577568,exon_5,903.0,238,Silent,DNA_binding
T>C,7578394,exon_7,726.0,179,Silent,DNA_binding
T>C,7578442,exon_7,678.0,163,Silent,DNA_binding
C>A,7578403,exon_7,717.0,176,Nonsense,DNA_binding
C>T,7577568,exon_5,903.0,238,Silent,DNA_binding
T>C,7578271,exon_6,768.0,193,Silent,DNA_binding
C>A,7577097,exon_4,1031.0,281,Silent,DNA_binding
A>C,7578268,exon_6,771.0,194,Silent,DNA_binding
C>T,7578406,exon_7,714.0,175,Silent,DNA_binding
G>A,7577106,exon_4,1022.0,278,Missense,DNA_binding
T>C,7578394,exon_7,726.0,179,Silent,DNA_binding
C>T,7578406,exon_7,714.0,175,Silent,DNA_binding
T>C,7578271,exon_6,768.0,193,Silent,DNA_binding
G>A,7577539,exon_5,932.0,248,Missense,DNA_binding
C>T,7578413,exon_7,707.0,173,Silent,DNA_binding
C>T,7578406,exon_7,714.0,175,Silent,DNA_binding
C>T,7577547,exon_5,924.0,245,Silent,DNA_binding
C>T,7578406,exon_7,714.0,175,Silent,DNA_binding
G>A,7577094,exon_4,1034.0,282,Missense,DNA_binding
T>A,7578271,exon_6,768.0,193,Missense,DNA_binding
C>T,7578406,exon_7,714.0,175,Silent,DNA_binding
A>C,7578268,exon_6,771.0,194,Silent,DNA_binding
C>A,7578403,exon_7,717.0,176,Nonsense,DNA_binding
C>T,7577120,exon_4,1008.0,273,Silent,DNA_binding
C>T,7578406,exon_7,714.0,175,Silent,DNA_binding
G>A,7577121,exon_4,1007.0,273,Missense,DNA_binding
T>C,7577580,exon_5,891.0,234,Silent,DNA_binding
C>T,7578406,exon_7,714.0,175,Silent,DNA_binding
C>T,7577120,exon_4,1008.0,273,Silent,DNA_binding
C>T,7577085,exon_4,1043.0,285,Missense,DNA_binding
C>T,7577120,exon_4,1008.0,273,Silent,DNA_binding
C>T,7577538,exon_5,933.0,248,Silent,DNA_binding
C>T,7578526,exon_7,594.0,135,Silent,DNA_binding
A>C,7578268,exon_6,771.0,194,Silent,DNA_binding
G>A,7577121,exon_4,1007.0,273,Missense,DNA_binding
G>A,7577539,exon_5,932.0,248,Missense,DNA_binding
C>T,7578406,exon_7,714.0,175,Silent,DNA_binding
C>T,7577538,exon_5,933.0,248,Silent,DNA_binding
C>T,7578406,exon_7,714.0,175,Silent,DNA_binding
G>A,7577539,exon_5,932.0,248,Missense,DNA_binding
C>T,7577548,exon_5,923.0,245,Missense,DNA_binding
C>G,7578534,exon_7,586.0,132,Missense,DNA_binding
C>A,7577118,exon_4,1010.0,274,Missense,DNA_binding
C>T,7578406,exon_7,714.0,175,Silent,DNA_binding
C>T,7578406,exon_7,714.0,175,Silent,DNA_binding
C>T,7577547,exon_5,924.0,245,Silent,DNA_binding
G>C,7578525,exon_7,595.0,135,Missense,DNA_binding
C>T,7577547,exon_5,924.0,245,Silent,DNA_binding
G>C,7577559,exon_5,912.0,241,Silent,DNA_binding
C>T,7577085,exon_4,1043.0,285,Missense,DNA_binding
C>G,7578413,exon_7,707.0,173,Missense,DNA_binding
C>G,7577099,exon_4,1029.0,280,Silent,DNA_binding
C>T,7578406,exon_7,714.0,175,Silent,DNA_binding
C>T,7577120,exon_4,1008.0,273,Silent,DNA_binding
C>T,7577120,exon_4,1008.0,273,Silent,DNA_binding
C>T,7577085,exon_4,1043.0,285,Missense,DNA_binding
C>A,7577568,exon_5,903.0,238,Nonsense,DNA_binding
C>T,7577120,exon_4,1008.0,273,Silent,DNA_binding
G>A,7577539,exon_5,932.0,248,Missense,DNA_binding
C>T,7578406,exon_7,714.0,175,Silent,DNA_binding
C>T,7577120,exon_4,1008.0,273,Silent,DNA_binding
G>A,7578395,exon_7,725.0,179,Silent,DNA_binding
A>G,7578268,exon_6,771.0,194,Silent,DNA_binding
C>A,7577120,exon_4,1008.0,273,Silent,DNA_binding
G>A,7577559,exon_5,912.0,241,Silent,DNA_binding
T>C,7578271,exon_6,768.0,193,Silent,DNA_binding
G>C,7577106,exon_4,1022.0,278,Silent,DNA_binding
C>A,7578403,exon_7,717.0,176,Nonsense,DNA_binding
C>A,7578413,exon_7,707.0,173,Missense,DNA_binding
T>C,7578394,exon_7,726.0,179,Silent,DNA_binding
T>A,7578271,exon_6,768.0,193,Missense,DNA_binding
C>T,7577120,exon_4,1008.0,273,Silent,DNA_binding
C>A,7577568,exon_5,903.0,238,Nonsense,DNA_binding
G>A,7577539,exon_5,932.0,248,Missense,DNA_binding
C>T,7578406,exon_7,714.0,175,Silent,DNA_binding
C>T,7577120,exon_4,1008.0,273,Silent,DNA_binding
C>T,7577538,exon_5,933.0,248,Silent,DNA_binding
G>A,7577094,exon_4,1034.0,282,Missense,DNA_binding
T>C,7578536,exon_7,584.0,132,Missense,DNA_binding
T>C,7578271,exon_6,768.0,193,Silent,DNA_binding
C>G,7577099,exon_4,1029.0,280,Silent,DNA_binding
C>G,7578534,exon_7,586.0,132,Missense,DNA_binding
T>G,7578535,exon_7,585.0,132,Silent,DNA_binding
C>T,7577538,exon_5,933.0,248,Silent,DNA_binding
T>C,7578271,exon_6,768.0,193,Silent,DNA_binding
C>T,7577120,exon_4,1008.0,273,Silent,DNA_binding
C>T,7577548,exon_5,923.0,245,Missense,DNA_binding
C>T,7578406,exon_7,714.0,175,Silent,DNA_binding
T>C,7578271,exon_6,768.0,193,Silent,DNA_binding
C>T,7577120,exon_4,1008.0,273,Silent,DNA_binding
T>C,7578394,exon_7,726.0,179,Silent,DNA_binding
G>A,7577094,exon_4,1034.0,282,Missense,DNA_binding
T>C,7578442,exon_7,678.0,163,Silent,DNA_binding
C>T,7578406,exon_7,714.0,175,Silent,DNA_binding
T>C,7578394,exon_7,726.0,179,Silent,DNA_binding
G>A,7577094,exon_4,1034.0,282,Missense,DNA_binding
C>T,7577082,exon_4,1046.0,286,Missense,DNA_binding
C>T,7578406,exon_7,714.0,175,Silent,DNA_binding
C>T,7577099,exon_4,1029.0,280,Missense,DNA_binding
A>C,7578268,exon_6,771.0,194,Silent,DNA_binding
C>T,7577099,exon_4,1029.0,280,Missense,DNA_binding
C>T,7577120,exon_4,1008.0,273,Silent,DNA_binding
C>T,7577124,exon_4,1004.0,272,Silent,DNA_binding
C>A,7577120,exon_4,1008.0,273,Silent,DNA_binding
C>T,7577124,exon_4,1004.0,272,Silent,DNA_binding
C>T,7577114,exon_4,1014.0,275,Silent,DNA_binding
C>T,7578406,exon_7,714.0,175,Silent,DNA_binding
C>T,7577085,exon_4,1043.0,285,Missense,DNA_binding
A>C,7577517,exon_5,954.0,255,Silent,DNA_binding
A>G,7578191,exon_6,848.0,220,Missense,DNA_binding
C>T,7577141,exon_4,987.0,266,Silent,DNA_binding
C>T,7578449,exon_7,671.0,161,Missense,DNA_binding
C>T,7578203,exon_6,836.0,216,Silent,DNA_binding
A>G,7577129,exon_4,999.0,270,Missense,DNA_binding
C>T,7578203,exon_6,836.0,216,Silent,DNA_binding
G>T,7578478,exon_7,642.0,151,Silent,DNA_binding
G>C,7578458,exon_7,662.0,158,Missense,DNA_binding
C>T,7577141,exon_4,987.0,266,Silent,DNA_binding
A>T,7578554,exon_7,566.0,126,Missense,DNA_binding
C>A,7578461,exon_7,659.0,157,Missense,DNA_binding
C>T,7578203,exon_6,836.0,216,Silent,DNA_binding
G>C,7578542,exon_7,578.0,130,Missense,DNA_binding
A>T,7578460,exon_7,660.0,157,Silent,DNA_binding
G>T,7578550,exon_7,570.0,127,Silent,DNA_binding
C>T,7577102,exon_4,1026.0,279,Silent,DNA_binding
C>G,7574002,exon_2,1215.0,342,Silent,Tetramerization
C>G,7574002,exon_2,1215.0,342,Silent,Tetramerization
G>A,7578212,exon_6,827.0,213,Missense,DNA_binding
G>A,7578212,exon_6,827.0,213,Missense,DNA_binding
C>A,7578257,exon_6,782.0,198,Silent,DNA_binding
G>A,7578212,exon_6,827.0,213,Missense,DNA_binding
G>A,7578212,exon_6,827.0,213,Missense,DNA_binding
G>A,7578212,exon_6,827.0,213,Missense,DNA_binding
G>A,7578212,exon_6,827.0,213,Missense,DNA_binding
G>A,7578212,exon_6,827.0,213,Missense,DNA_binding
A>T,7578532,exon_7,588.0,133,Missense,DNA_binding
G>A,7577105,exon_4,1023.0,278,Silent,DNA_binding
A>G,7578527,exon_7,593.0,135,Silent,DNA_binding
A>G,7578265,exon_6,774.0,195,Missense,DNA_binding
C>T,7578508,exon_7,612.0,141,Silent,DNA_binding
C>T,7577543,exon_5,928.0,246,Missense,DNA_binding
A>G,7578265,exon_6,774.0,195,Missense,DNA_binding
C>G,7577120,exon_4,1008.0,273,Silent,DNA_binding
G>A,7578272,exon_6,767.0,193,Silent,DNA_binding
G>T,7577106,exon_4,1022.0,278,Missense,DNA_binding
T>G,7577081,exon_4,1047.0,286,Silent,DNA_binding
T>A,7577541,exon_5,930.0,247,Missense,DNA_binding
A>G,7578265,exon_6,774.0,195,Missense,DNA_binding
G>A,7578272,exon_6,767.0,193,Silent,DNA_binding
A>G,7578509,exon_7,611.0,141,Silent,DNA_binding
C>T,7578508,exon_7,612.0,141,Silent,DNA_binding
C>T,7578508,exon_7,612.0,141,Silent,DNA_binding
G>C,7577094,exon_4,1034.0,282,Missense,DNA_binding
A>G,7578265,exon_6,774.0,195,Missense,DNA_binding
G>C,7578524,exon_7,596.0,136,Missense,DNA_binding
A>G,7578265,exon_6,774.0,195,Missense,DNA_binding
C>G,7577082,exon_4,1046.0,286,Missense,DNA_binding
A>C,7577557,exon_5,914.0,242,Missense,DNA_binding
T>G,7578523,exon_7,597.0,136,Silent,DNA_binding
AGA>-,7578443,exon_7,677.0,163,Frameshift,DNA_binding
A>G,7579355,exon_8,522.0,111,Silent,DNA_binding
T>G,7578467,exon_7,653.0,155,Missense,DNA_binding
C>A,7578205,exon_6,834.0,215,Missense,DNA_binding
C>A,7578205,exon_6,834.0,215,Missense,DNA_binding
A>C,7577144,exon_4,984.0,265,Silent,DNA_binding
GGGCAGGTCTTG>-,7578505,exon_7,615.0,142,Frameshift,DNA_binding
A>C,7578259,exon_6,780.0,197,Silent,DNA_binding
A>G,7579355,exon_8,522.0,111,Silent,DNA_binding
T>C,7578235,exon_6,804.0,205,Silent,DNA_binding
A>T,7577130,exon_4,998.0,270,Silent,DNA_binding
A>T,7579355,exon_8,522.0,111,Silent,DNA_binding
T>G,7578190,exon_6,849.0,220,Nonsense,DNA_binding
A>G,7577144,exon_4,984.0,265,Silent,DNA_binding
C>G,7579312,exon_8,565.0,125,Missense,DNA_binding
A>T,7577517,exon_5,954.0,255,Silent,DNA_binding
C>G,7577509,exon_5,962.0,258,Missense,DNA_binding
A>C,7579368,exon_8,509.0,107,Missense,DNA_binding
T>C,7578553,exon_7,567.0,126,Silent,DNA_binding
A>G,7578551,exon_7,569.0,127,Missense,DNA_binding
A>T,7578236,exon_6,803.0,205,Missense,DNA_binding
A>C,7577586,exon_5,885.0,232,Silent,DNA_binding
T>G,7578427,exon_7,693.0,168,Missense,DNA_binding
A>C,7578460,exon_7,660.0,157,Silent,DNA_binding
T>A,7577518,exon_5,953.0,255,Missense,DNA_binding
TGA>-,7577515,exon_5,956.0,256,Frameshift,DNA_binding
ACCACTA>-,7577152,exon_4,976.0,262,Frameshift,DNA_binding
A>C,7579349,exon_8,528.0,113,Silent,DNA_binding
A>C,7579349,exon_8,528.0,113,Silent,DNA_binding
T>G,7578190,exon_6,849.0,220,Nonsense,DNA_binding
GCG>-,7578462,exon_7,658.0,156,Frameshift,DNA_binding
A>C,7577511,exon_5,960.0,257,Silent,DNA_binding
C>G,7577112,exon_4,1016.0,276,Missense,DNA_binding
G>T,7578382,exon_7,738.0,183,Silent,DNA_binding
G>C,7578382,exon_7,738.0,183,Silent,DNA_binding
C>-,7579364,exon_8,513.0,108,Frameshift,DNA_binding
CGT>GC,7579365,exon_8,512.0,108,Complex,DNA_binding
C>-,7578239,exon_6,800.0,204,Frameshift,DNA_binding
G>A,7578263,exon_6,776.0,196,Missense,DNA_binding
G>A,7578263,exon_6,776.0,196,Missense,DNA_binding
G>A,7576855,exon_3,1181.0,331,Silent,Tetramerization
TCTTCTTTGGC>-,7576885,exon_3,1151.0,321,Frameshift,Other
C>A,7578253,exon_6,786.0,199,Silent,DNA_binding
TGAGGCTCCCCTTTCTTGCGGAGATTCTC>-,7577051,exon_4,1077.0,296,Frameshift,Other
A>-,7578445,exon_7,675.0,162,Frameshift,DNA_binding
G>A,7574003,exon_2,1214.0,342,Missense,Tetramerization
G>-,7574030,exon_2,1187.0,333,Frameshift,Tetramerization
G>A,7574003,exon_2,1214.0,342,Missense,Tetramerization
C>A,7578188,exon_6,851.0,221,Silent,DNA_binding
CCGGTGTAGGAGCTGCTGGT>-,7579440,exon_8,437.0,83,Frameshift,Other
AG>-,7579409,exon_8,468.0,93,Frameshift,Other
G>-,7577027,exon_4,1101.0,304,Frameshift,Other
GT>-,7578217,exon_6,822.0,211,Frameshift,DNA_binding
G>A,7579533,exon_8,344.0,52,Silent,Transactivation
->T,7577044,exon_4,1084.0,298,Frameshift,Other
TC>-,7578222,exon_6,817.0,209,Frameshift,DNA_binding
G>-,7578547,exon_7,573.0,128,Frameshift,DNA_binding
CTCACAACCTCCGTCATGTGCTGTGACTG>-,7578409,exon_7,711.0,174,Frameshift,DNA_binding
A>-,7576863,exon_3,1173.0,328,Frameshift,Tetramerization
GGACGCG>-,7578458,exon_7,662.0,158,Frameshift,DNA_binding
->A,7577566,exon_5,905.0,239,Frameshift,DNA_binding
TC>-,7578222,exon_6,817.0,209,Frameshift,DNA_binding
G>-,7577531,exon_5,940.0,250,Frameshift,DNA_binding
C>-,7578408,exon_7,712.0,174,Frameshift,DNA_binding
G>A,7578500,exon_7,620.0,144,Silent,DNA_binding
C>A,7577058,exon_4,1070.0,294,Silent,Other
C>-,7579364,exon_8,513.0,108,Frameshift,DNA_binding
CCTC>-,7578416,exon_7,704.0,172,Frameshift,DNA_binding
GAC>-,7579356,exon_8,521.0,111,Frameshift,DNA_binding
CGCGG>GCGCGT,7578461,exon_7,659.0,157,Complex,DNA_binding
A>G,7577526,exon_5,945.0,252,Silent,DNA_binding
ACAGGCACAA>-,7577107,exon_4,1021.0,277,Frameshift,DNA_binding
T>-,7578218,exon_6,821.0,211,Frameshift,DNA_binding
G>A,7574003,exon_2,1214.0,342,Missense,Tetramerization
G>-,7577558,exon_5,913.0,241,Frameshift,DNA_binding
CC>-,7579364,exon_8,513.0,108,Frameshift,DNA_binding
G>-,7579359,exon_8,518.0,110,Frameshift,DNA_binding
G>A,7578263,exon_6,776.0,196,Missense,DNA_binding
G>-,7574003,exon_2,1214.0,342,Frameshift,Tetramerization
A>-,7579419,exon_8,458.0,90,Frameshift,Other
CA>-,7579321,exon_8,556.0,122,Frameshift,DNA_binding
->AA,7579360,exon_8,517.0,109,Frameshift,DNA_binding
C>A,7579536,exon_8,341.0,51,Silent,Transactivation
G>T,7579315,exon_8,562.0,124,Silent,DNA_binding
->GA,7579359,exon_8,518.0,110,Frameshift,DNA_binding
TC>-,7578222,exon_6,817.0,209,Frameshift,DNA_binding
->GGCCA,7578446,exon_7,674.0,162,Frameshift,DNA_binding
T>-,7577031,exon_4,1097.0,303,Frameshift,Other
G>A,7578263,exon_6,776.0,196,Missense,DNA_binding
A>T,7579346,exon_8,531.0,114,Missense,DNA_binding
->A,7577525,exon_5,946.0,252,Frameshift,DNA_binding
->A,7578246,exon_6,793.0,201,Frameshift,DNA_binding
G>-,7579359,exon_8,518.0,110,Frameshift,DNA_binding
C>T,7578371,exon_7,749.0,187,Missense,DNA_binding
->A,7577566,exon_5,905.0,239,Frameshift,DNA_binding
TGGGGGC>GGGGGG,7578397,exon_7,723.0,178,Complex,DNA_binding
G>A,7574003,exon_2,1214.0,342,Missense,Tetramerization
G>A,7576855,exon_3,1181.0,331,Silent,Tetramerization
->TGCA,7579458,exon_8,419.0,77,Frameshift,Other
TGCGGAGATTCTCTTCCTC>-,7577067,exon_4,1061.0,291,Frameshift,DNA_binding
C>A,7579521,exon_8,356.0,56,Silent,Transactivation
C>-,7578491,exon_7,629.0,147,Frameshift,DNA_binding
T>-,7578538,exon_7,582.0,131,Frameshift,DNA_binding
G>-,7577558,exon_5,913.0,241,Frameshift,DNA_binding
GT>-,7576924,exon_3,1112.0,308,Frameshift,Other
G>A,7578263,exon_6,776.0,196,Missense,DNA_binding
T>A,7577100,exon_4,1028.0,280,Missense,DNA_binding
C>A,7578253,exon_6,786.0,199,Silent,DNA_binding
G>A,7578524,exon_7,596.0,136,Silent,DNA_binding
CAGGGCAGGTCTTGGC>-,7578503,exon_7,617.0,143,Frameshift,DNA_binding
G>A,7577073,exon_4,1055.0,289,Missense,DNA_binding
G>A,7577022,exon_4,1106.0,306,Missense,Other
G>-,7577527,exon_5,944.0,252,Frameshift,DNA_binding
G>A,7578431,exon_7,689.0,167,Silent,DNA_binding
G>-,7577558,exon_5,913.0,241,Frameshift,DNA_binding
G>A,7578263,exon_6,776.0,196,Missense,DNA_binding
G>A,7578263,exon_6,776.0,196,Missense,DNA_binding
G>T,7578402,exon_7,718.0,176,Silent,DNA_binding
C>A,7577077,exon_4,1051.0,287,Missense,DNA_binding
G>A,7574003,exon_2,1214.0,342,Missense,Tetramerization
->G,7579432,exon_8,445.0,85,Frameshift,Other
->T,7577514,exon_5,957.0,256,Frameshift,DNA_binding
G>A,7578263,exon_6,776.0,196,Missense,DNA_binding
C>-,7574012,exon_2,1205.0,339,Frameshift,Tetramerization
GGGTGCCGGGCGG>-,7578464,exon_7,656.0,156,Frameshift,DNA_binding
->A,7577127,exon_4,1001.0,271,Frameshift,DNA_binding
C>T,7579414,exon_8,463.0,91,Silent,Other
G>-,7579344,exon_8,533.0,115,Frameshift,DNA_binding
G>A,7577022,exon_4,1106.0,306,Missense,Other
G>A,7578275,exon_6,764.0,192,Silent,DNA_binding
C>A,7577509,exon_5,962.0,258,Silent,DNA_binding
CTTT>-,7577061,exon_4,1067.0,293,Frameshift,Other
C>A,7577058,exon_4,1070.0,294,Silent,Other
G>A,7576855,exon_3,1181.0,331,Silent,Tetramerization
TC>-,7578222,exon_6,817.0,209,Frameshift,DNA_binding
G>A,7574003,exon_2,1214.0,342,Missense,Tetramerization
C>T,7578423,exon_7,697.0,169,Missense,DNA_binding
->C,7579335,exon_8,542.0,118,Frameshift,DNA_binding
G>T,7577095,exon_4,1033.0,281,Missense,DNA_binding
T>A,7577096,exon_4,1032.0,281,Missense,DNA_binding
T>C,7578226,exon_6,813.0,208,Silent,DNA_binding
C>T,7579882,exon_10,221.0,11,Missense,Transactivation
G>A,7579717,exon_9,269.0,27,Missense,Transactivation
